X,Y,Temperature,Humidity,pH,Pest Level,Risk
10.0,10.0,10.0,20.0,2.0,27.68395,Low
10.0,30.0,20.0,30.0,3.0,35.830166,Low
30.0,10.0,70.0,80.0,3.0,51.9756,Moderate
30.0,30.0,80.0,90.0,5.0,43.071995,Moderate
50.0,10.0,90.0,80.0,7.0,61.29701,High
50.0,30.0,78.0,88.0,6.0,50.75171,Moderate
